regime,files,rows,bytes,query,label,median_ms,mean_ms,p05_ms,p95_ms,reps
single_row,1,1,2773,TIME_RANGE,TIME_RANGE,210.52134037017822,218.46369902292886,144.47855949401855,626.2519359588623,30
single_row,1,1,2773,REGION_FILTER,REGION_FILTER(EU),55.60410022735596,64.02240594228108,47.18637466430664,104.51960563659668,30
single_row,1,1,2773,SENSOR_LOOKUP,SENSOR_LOOKUP(S-005),62.094807624816895,67.42427349090576,44.56329345703125,162.90736198425293,30
single_row,1,1,2773,TYPE_FILTER,TYPE_FILTER(reading),53.30228805541992,59.000301361083984,42.151451110839844,125.17476081848145,30
single_row,1,1,2773,FULL_SCAN,FULL_SCAN,85.0059986114502,89.61654504140218,69.37575340270996,136.50274276733398,30
sweep,14,20000,1803705,TIME_RANGE,TIME_RANGE,334.51366424560547,343.3029731114705,284.36279296875,455.77144622802734,30
sweep,14,20000,1803705,REGION_FILTER,REGION_FILTER(US),227.62084007263184,229.7779639561971,180.04155158996582,402.9273986816406,30
sweep,14,20000,1803705,SENSOR_LOOKUP,SENSOR_LOOKUP(S-009),389.8646831512451,396.8300978342692,293.44940185546875,686.2943172454834,30
sweep,14,20000,1803705,TYPE_FILTER,TYPE_FILTER(command),222.5438356399536,224.95189507802328,176.23400688171387,291.1376953125,30
sweep,14,20000,1803705,FULL_SCAN,FULL_SCAN,149.56378936767578,150.68358580271402,113.14797401428223,205.55806159973145,30
sweep,21,20000,1825398,TIME_RANGE,TIME_RANGE,334.0233564376831,329.6087344487508,265.3510570526123,388.3676528930664,30
sweep,21,20000,1825398,REGION_FILTER,REGION_FILTER(EU),206.65621757507324,213.75331083933511,180.87506294250488,268.65315437316895,30
sweep,21,20000,1825398,SENSOR_LOOKUP,SENSOR_LOOKUP(S-005),337.0990753173828,345.0787623723348,297.6994514465332,468.03879737854004,30
sweep,21,20000,1825398,TYPE_FILTER,TYPE_FILTER(alert),190.16695022583008,196.56606515248617,173.07305335998535,258.0075263977051,30
sweep,21,20000,1825398,FULL_SCAN,FULL_SCAN,139.5862102508545,146.45423094431558,125.92744827270508,207.55410194396973,30
sweep,28,20000,1847137,TIME_RANGE,TIME_RANGE,254.10056114196777,265.69357713063556,238.27433586120605,356.66346549987793,30
sweep,28,20000,1847137,REGION_FILTER,REGION_FILTER(APAC),212.61286735534668,221.19712034861246,190.42730331420898,298.6774444580078,30
sweep,28,20000,1847137,SENSOR_LOOKUP,SENSOR_LOOKUP(S-010),372.7591037750244,383.50545565287274,337.09049224853516,475.4781723022461,30
sweep,28,20000,1847137,TYPE_FILTER,TYPE_FILTER(command),217.07499027252197,229.37258879343668,193.14169883728027,296.6182231903076,30
sweep,28,20000,1847137,FULL_SCAN,FULL_SCAN,159.559965133667,166.09052817026773,138.73982429504395,232.41424560546875,30
sweep,56,20000,1935588,TIME_RANGE,TIME_RANGE,366.6278123855591,377.0563046137492,340.55256843566895,457.7789306640625,30
sweep,56,20000,1935588,REGION_FILTER,REGION_FILTER(APAC),364.41779136657715,380.43514092763263,322.6954936981201,543.0009365081787,30
sweep,56,20000,1935588,SENSOR_LOOKUP,SENSOR_LOOKUP(S-002),628.1278133392334,630.642565091451,577.7950286865234,718.0218696594238,30
sweep,56,20000,1935588,TYPE_FILTER,TYPE_FILTER(alert),366.9624328613281,376.57372156778973,326.66826248168945,499.2084503173828,30
sweep,56,20000,1935588,FULL_SCAN,FULL_SCAN,241.90592765808105,247.50299453735352,219.76280212402344,336.02118492126465,30
sweep,112,20000,2108741,TIME_RANGE,TIME_RANGE,611.7348670959473,633.6696545282999,570.7759857177734,888.3893489837646,30
sweep,112,20000,2108741,REGION_FILTER,REGION_FILTER(EU),630.8772563934326,634.4916105270386,576.106071472168,728.8346290588379,30
sweep,112,20000,2108741,SENSOR_LOOKUP,SENSOR_LOOKUP(S-004),1129.950761795044,1149.3967533111572,1049.8504638671875,1381.0484409332275,30
sweep,112,20000,2108741,TYPE_FILTER,TYPE_FILTER(command),644.9899673461914,675.992226600647,590.1315212249756,799.3741035461426,30
sweep,112,20000,2108741,FULL_SCAN,FULL_SCAN,424.9112606048584,431.02333545684814,398.02002906799316,538.0322933197021,30
sweep,224,20000,2435485,TIME_RANGE,TIME_RANGE,1079.3993473052979,1092.504088083903,996.4282512664795,1340.0073051452637,30
sweep,224,20000,2435485,REGION_FILTER,REGION_FILTER(US),1205.8688402175903,1227.0832856496174,1131.6730976104736,1476.012945175171,30
sweep,224,20000,2435485,SENSOR_LOOKUP,SENSOR_LOOKUP(S-006),2033.898949623108,2052.2398312886558,1927.2310733795166,2269.8378562927246,30
sweep,224,20000,2435485,TYPE_FILTER,TYPE_FILTER(alert),1130.642056465149,1161.9115829467773,1071.7074871063232,1347.6197719573975,30
sweep,224,20000,2435485,FULL_SCAN,FULL_SCAN,744.3572282791138,768.0025180180868,716.5501117706299,887.9563808441162,30
sweep,448,20000,3075140,TIME_RANGE,TIME_RANGE,1935.4915618896484,1960.1170460383098,1842.6973819732666,2306.8158626556396,30
sweep,448,20000,3075140,REGION_FILTER,REGION_FILTER(APAC),2241.0393953323364,2250.0999530156455,2105.365514755249,2407.12833404541,30
sweep,448,20000,3075140,SENSOR_LOOKUP,SENSOR_LOOKUP(S-005),3955.2321434020996,3964.421534538269,3784.4009399414062,4238.499879837036,30
sweep,448,20000,3075140,TYPE_FILTER,TYPE_FILTER(command),2263.0863189697266,2293.450689315796,2121.983289718628,2572.075366973877,30
sweep,448,20000,3075140,FULL_SCAN,FULL_SCAN,1504.6446323394775,1528.9971351623535,1377.01416015625,1740.450382232666,30
