tag,label,kind,seed,specialist,algorithm,window_size,embed_dim,num_heads,epochs,batch,lr,entropy_coef,num_actions,num_features,trainable_params,n_train_samples,wall_clock_sec,final_loss,gpu,tf_version,timestamp
compaction_attn_A_base_seed1,attn_A_base,attention,1,compaction,offline_ppo_clip_balanced,10,64.0,4.0,150,64,0.0003,0.01,4,8,84741,17000,112.0,0.2377799944001801,Tesla T4,2.20.0,2026-08-08T20:39:30
partition_attn_A_base_seed1,attn_A_base,attention,1,partition,offline_ppo_clip_balanced,20,64.0,4.0,200,64,0.0003,0.1,5,14,85830,4990,44.1,-0.2411046850460547,Tesla T4,2.20.0,2026-08-08T20:40:15
compaction_attn_A_base_seed2,attn_A_base,attention,2,compaction,offline_ppo_clip_balanced,10,64.0,4.0,150,64,0.0003,0.01,4,8,84741,17000,108.5,0.22885956513999525,Tesla T4,2.20.0,2026-08-08T20:42:03
partition_attn_A_base_seed2,attn_A_base,attention,2,partition,offline_ppo_clip_balanced,20,64.0,4.0,200,64,0.0003,0.1,5,14,85830,4990,42.8,-0.2320418424076504,Tesla T4,2.20.0,2026-08-08T20:42:46
compaction_attn_A_base_seed3,attn_A_base,attention,3,compaction,offline_ppo_clip_balanced,10,64.0,4.0,150,64,0.0003,0.01,4,8,84741,17000,110.7,0.27979132722188926,Tesla T4,2.20.0,2026-08-08T20:44:37
partition_attn_A_base_seed3,attn_A_base,attention,3,partition,offline_ppo_clip_balanced,20,64.0,4.0,200,64,0.0003,0.1,5,14,85830,4990,42.7,-0.2631239217740518,Tesla T4,2.20.0,2026-08-08T20:45:20
compaction_attn_B_longer_seed1,attn_B_longer,attention,1,compaction,offline_ppo_clip_balanced,10,64.0,4.0,300,64,0.0003,0.01,4,8,84741,17000,213.7,0.07311519000641241,Tesla T4,2.20.0,2026-08-08T20:48:54
partition_attn_B_longer_seed1,attn_B_longer,attention,1,partition,offline_ppo_clip_balanced,20,64.0,4.0,400,64,0.0003,0.1,5,14,85830,4990,81.5,-0.30677307176369206,Tesla T4,2.20.0,2026-08-08T20:50:16
compaction_attn_B_longer_seed2,attn_B_longer,attention,2,compaction,offline_ppo_clip_balanced,10,64.0,4.0,300,64,0.0003,0.01,4,8,84741,17000,215.1,0.05697939371005917,Tesla T4,2.20.0,2026-08-08T20:53:52
partition_attn_B_longer_seed2,attn_B_longer,attention,2,partition,offline_ppo_clip_balanced,20,64.0,4.0,400,64,0.0003,0.1,5,14,85830,4990,81.6,-0.3209516039049184,Tesla T4,2.20.0,2026-08-08T20:55:13
compaction_attn_B_longer_seed3,attn_B_longer,attention,3,compaction,offline_ppo_clip_balanced,10,64.0,4.0,300,64,0.0003,0.01,4,8,84741,17000,216.0,0.07728686231207482,Tesla T4,2.20.0,2026-08-08T20:58:50
partition_attn_B_longer_seed3,attn_B_longer,attention,3,partition,offline_ppo_clip_balanced,20,64.0,4.0,400,64,0.0003,0.1,5,14,85830,4990,82.4,-0.25991471608479816,Tesla T4,2.20.0,2026-08-08T21:00:12
compaction_attn_C_wider_seed1,attn_C_wider,attention,1,compaction,offline_ppo_clip_balanced,10,128.0,8.0,150,64,0.0003,0.01,4,8,596997,17000,131.0,0.061067134493543784,Tesla T4,2.20.0,2026-08-08T21:02:24
partition_attn_C_wider_seed1,attn_C_wider,attention,1,partition,offline_ppo_clip_balanced,20,128.0,8.0,200,64,0.0003,0.1,5,14,599174,4990,52.4,-0.24587967108797143,Tesla T4,2.20.0,2026-08-08T21:03:16
compaction_attn_C_wider_seed2,attn_C_wider,attention,2,compaction,offline_ppo_clip_balanced,10,128.0,8.0,150,64,0.0003,0.01,4,8,596997,17000,127.8,0.06516803478898138,Tesla T4,2.20.0,2026-08-08T21:05:24
partition_attn_C_wider_seed2,attn_C_wider,attention,2,partition,offline_ppo_clip_balanced,20,128.0,8.0,200,64,0.0003,0.1,5,14,599174,4990,53.1,-0.2474605816381949,Tesla T4,2.20.0,2026-08-08T21:06:18
compaction_attn_C_wider_seed3,attn_C_wider,attention,3,compaction,offline_ppo_clip_balanced,10,128.0,8.0,150,64,0.0003,0.01,4,8,596997,17000,128.3,0.10229555277001796,Tesla T4,2.20.0,2026-08-08T21:08:26
partition_attn_C_wider_seed3,attn_C_wider,attention,3,partition,offline_ppo_clip_balanced,20,128.0,8.0,200,64,0.0003,0.1,5,14,599174,4990,53.3,-0.27141946526589217,Tesla T4,2.20.0,2026-08-08T21:09:20
compaction_attn_D_context_seed1,attn_D_context,attention,1,compaction,offline_ppo_clip_balanced,20,64.0,4.0,150,64,0.0003,0.01,4,8,85381,17000,110.7,0.13190188463207106,Tesla T4,2.20.0,2026-08-08T21:11:11
partition_attn_D_context_seed1,attn_D_context,attention,1,partition,offline_ppo_clip_balanced,40,64.0,4.0,200,64,0.0003,0.1,5,14,87110,4990,43.2,-0.24623802111104684,Tesla T4,2.20.0,2026-08-08T21:11:54
compaction_attn_D_context_seed2,attn_D_context,attention,2,compaction,offline_ppo_clip_balanced,20,64.0,4.0,150,64,0.0003,0.01,4,8,85381,17000,109.8,0.1064122063677986,Tesla T4,2.20.0,2026-08-08T21:13:44
partition_attn_D_context_seed2,attn_D_context,attention,2,partition,offline_ppo_clip_balanced,40,64.0,4.0,200,64,0.0003,0.1,5,14,87110,4990,43.2,-0.23400042426806908,Tesla T4,2.20.0,2026-08-08T21:14:28
compaction_attn_D_context_seed3,attn_D_context,attention,3,compaction,offline_ppo_clip_balanced,20,64.0,4.0,150,64,0.0003,0.01,4,8,85381,17000,108.1,0.1751164431085012,Tesla T4,2.20.0,2026-08-08T21:16:16
partition_attn_D_context_seed3,attn_D_context,attention,3,partition,offline_ppo_clip_balanced,40,64.0,4.0,200,64,0.0003,0.1,5,14,87110,4990,43.4,-0.26237385664825086,Tesla T4,2.20.0,2026-08-08T21:17:00
compaction_attn_E_combo_seed1,attn_E_combo,attention,1,compaction,offline_ppo_clip_balanced,20,128.0,8.0,300,64,0.0003,0.01,4,8,598277,17000,268.7,-0.09056375476018506,Tesla T4,2.20.0,2026-08-08T21:21:29
partition_attn_E_combo_seed1,attn_E_combo,attention,1,partition,offline_ppo_clip_balanced,40,128.0,8.0,400,64,0.0003,0.1,5,14,601734,4990,127.2,-0.3181664176561214,Tesla T4,2.20.0,2026-08-08T21:23:36
compaction_attn_E_combo_seed2,attn_E_combo,attention,2,compaction,offline_ppo_clip_balanced,20,128.0,8.0,300,64,0.0003,0.01,4,8,598277,17000,267.7,-0.10414235223540846,Tesla T4,2.20.0,2026-08-08T21:28:04
partition_attn_E_combo_seed2,attn_E_combo,attention,2,partition,offline_ppo_clip_balanced,40,128.0,8.0,400,64,0.0003,0.1,5,14,601734,4990,128.8,-0.3394627794623375,Tesla T4,2.20.0,2026-08-08T21:30:13
compaction_attn_E_combo_seed3,attn_E_combo,attention,3,compaction,offline_ppo_clip_balanced,20,128.0,8.0,300,64,0.0003,0.01,4,8,598277,17000,275.7,-0.12371838285720774,Tesla T4,2.20.0,2026-08-08T21:34:49
partition_attn_E_combo_seed3,attn_E_combo,attention,3,partition,offline_ppo_clip_balanced,40,128.0,8.0,400,64,0.0003,0.1,5,14,601734,4990,128.3,-0.2717836744807385,Tesla T4,2.20.0,2026-08-08T21:36:58
compaction_mlp_matched_seed1,mlp_matched,mlp_matched,1,compaction,offline_ppo_clip_balanced,10,,,150,64,0.0003,0.01,4,8,84837,17000,71.5,0.13974191094463578,Tesla T4,2.20.0,2026-08-08T21:38:10
partition_mlp_matched_seed1,mlp_matched,mlp_matched,1,partition,offline_ppo_clip_balanced,20,,,200,64,0.0003,0.1,5,14,85830,4990,27.5,-0.26760341889328426,Tesla T4,2.20.0,2026-08-08T21:38:37
compaction_mlp_matched_seed2,mlp_matched,mlp_matched,2,compaction,offline_ppo_clip_balanced,10,,,150,64,0.0003,0.01,4,8,84837,17000,69.8,0.13549842053492153,Tesla T4,2.20.0,2026-08-08T21:39:47
partition_mlp_matched_seed2,mlp_matched,mlp_matched,2,partition,offline_ppo_clip_balanced,20,,,200,64,0.0003,0.1,5,14,85830,4990,27.4,-0.26840033989261697,Tesla T4,2.20.0,2026-08-08T21:40:15
compaction_mlp_matched_seed3,mlp_matched,mlp_matched,3,compaction,offline_ppo_clip_balanced,10,,,150,64,0.0003,0.01,4,8,84837,17000,71.1,0.16602811739038753,Tesla T4,2.20.0,2026-08-08T21:41:26
partition_mlp_matched_seed3,mlp_matched,mlp_matched,3,partition,offline_ppo_clip_balanced,20,,,200,64,0.0003,0.1,5,14,85830,4990,28.4,-0.29277838904548575,Tesla T4,2.20.0,2026-08-08T21:41:54
compaction_mlp_matched_seed4,mlp_matched,mlp_matched,4,compaction,offline_ppo_clip_balanced,10,,,150,64,0.0003,0.01,4,8,84837,17000,71.8,0.16337940538758222,Tesla T4,2.20.0,2026-08-08T21:43:06
partition_mlp_matched_seed4,mlp_matched,mlp_matched,4,partition,offline_ppo_clip_balanced,20,,,200,64,0.0003,0.1,5,14,85830,4990,27.2,-0.3138551513353984,Tesla T4,2.20.0,2026-08-08T21:43:34
compaction_mlp_matched_seed5,mlp_matched,mlp_matched,5,compaction,offline_ppo_clip_balanced,10,,,150,64,0.0003,0.01,4,8,84837,17000,70.5,0.14038945178558326,Tesla T4,2.20.0,2026-08-08T21:44:44
partition_mlp_matched_seed5,mlp_matched,mlp_matched,5,partition,offline_ppo_clip_balanced,20,,,200,64,0.0003,0.1,5,14,85830,4990,27.2,-0.3170329161264278,Tesla T4,2.20.0,2026-08-08T21:45:12
