step,policy_name,action,action_name,compact_reward,partition_reward,global_reward,done,rows_ingested,ingestion_rate_rows_per_sec,latency_ms,file_count,block_utilization,total_size_kb,file_size_skew_kb,partition_strategy,steps_since_compact,steps_since_partition_change,partition_pruning_ratio,avg_pruning_ratio,query_hist_time_range,query_hist_region_filter,query_hist_sensor_lookup,query_hist_type_filter,query_hist_full_scan,next_rows_ingested,next_ingestion_rate_rows_per_sec,next_latency_ms,next_file_count,next_block_utilization,next_total_size_kb,next_file_size_skew_kb,next_partition_strategy,next_steps_since_compact,next_steps_since_partition_change,next_partition_pruning_ratio,next_avg_pruning_ratio,next_query_hist_time_range,next_query_hist_region_filter,next_query_hist_sensor_lookup,next_query_hist_type_filter,next_query_hist_full_scan
1,MultiAgent,0,NOOP,0.02013,0.0,0.018456,0,0,0.0,0.0,0,0.0,0.0,0.0,0,0,0,0.0,0.0,0.0,0.0,0.0,0.0,0.0,42,224.65072932102623,84.93876457214355,1,0.1012725830078125,6.4814453125,0.0,0,1,1,0.0,0.0,1.0,0.0,0.0,0.0,0.0
2,MultiAgent,0,NOOP,0.020481,0.0,0.018615,0,42,224.65072932102623,84.93876457214355,1,0.1012725830078125,6.4814453125,0.0,0,1,1,0.0,0.0,1.0,0.0,0.0,0.0,0.0,45,236.12824288432643,95.7634449005127,2,0.1036529541015625,13.267578125,0.2154465973927762,0,2,2,0.0,0.0,1.0,0.0,0.0,0.0,0.0
3,MultiAgent,0,NOOP,0.019587,0.0,0.017601,0,45,236.12824288432643,95.7634449005127,2,0.1036529541015625,13.267578125,0.2154465973927762,0,2,2,0.0,0.0,1.0,0.0,0.0,0.0,0.0,36,213.14355487359882,103.05023193359375,3,0.0998077392578125,19.1630859375,0.45265331052721797,0,3,3,0.0,0.0,1.0,0.0,0.0,0.0,0.0
4,MultiAgent,0,NOOP,0.018763,0.0,0.017083,0,36,213.14355487359882,103.05023193359375,3,0.0998077392578125,19.1630859375,0.45265331052721797,0,3,3,0.0,0.0,1.0,0.0,0.0,0.0,0.0,31,179.07243965657338,88.96899223327637,4,0.0963134765625,24.65625,0.5802096336619554,0,4,4,0.0,0.0,1.0,0.0,0.0,0.0,0.0
5,MultiAgent,0,NOOP,0.019235,0.0,0.017677,0,31,179.07243965657338,88.96899223327637,4,0.0963134765625,24.65625,0.5802096336619554,0,4,4,0.0,0.0,1.0,0.0,0.0,0.0,0.0,49,283.637108382522,84.12766456604004,5,0.099298095703125,31.775390625,0.6594825693043818,0,5,5,0.0,0.0,0.8,0.0,0.0,0.2,0.0
6,MultiAgent,0,NOOP,0.019025,0.0,0.01655,0,49,283.637108382522,84.12766456604004,5,0.099298095703125,31.775390625,0.6594825693043818,0,5,5,0.0,0.0,0.8,0.0,0.0,0.2,0.0,39,219.3761899014283,131.2243938446045,6,0.09887440999348958,37.9677734375,0.5935869227203592,0,6,6,0.0,0.0,0.8333333333333334,0.0,0.0,0.16666666666666666,0.0
7,MultiAgent,0,NOOP,0.018605,0.0,0.017059,0,39,219.3761899014283,131.2243938446045,6,0.09887440999348958,37.9677734375,0.5935869227203592,0,6,6,0.0,0.0,0.8333333333333334,0.0,0.0,0.16666666666666666,0.0,33,164.4406912561749,86.04264259338379,7,0.09739903041294642,43.634765625,0.5966848629315336,0,7,7,0.0,0.0,0.7142857142857143,0.0,0.0,0.2857142857142857,0.0
8,MultiAgent,0,NOOP,0.018729,0.0,0.016356,0,33,164.4406912561749,86.04264259338379,7,0.09739903041294642,43.634765625,0.5966848629315336,0,7,7,0.0,0.0,0.7142857142857143,0.0,0.0,0.2857142857142857,0.0,47,245.55316146181718,128.6461353302002,8,0.09864425659179688,50.505859375,0.5966411557620946,0,8,8,0.0,0.0,0.75,0.0,0.0,0.25,0.0
9,MultiAgent,0,NOOP,0.01837,0.0,0.016055,0,47,245.55316146181718,128.6461353302002,8,0.09864425659179688,50.505859375,0.5966411557620946,0,8,8,0.0,0.0,0.75,0.0,0.0,0.25,0.0,33,175.80171696605822,126.99651718139648,9,0.09747314453125,56.14453125,0.6016994171880253,0,9,9,0.0,0.0,0.7777777777777778,0.0,0.0,0.2222222222222222,0.0
10,MultiAgent,0,NOOP,0.018194,0.0,0.015494,0,33,175.80171696605822,126.99651718139648,9,0.09747314453125,56.14453125,0.6016994171880253,0,9,9,0.0,0.0,0.7777777777777778,0.0,0.0,0.2222222222222222,0.0,38,192.4190096762705,147.47333526611328,10,0.09721832275390625,62.2197265625,0.5696270543926577,0,10,10,0.0,0.0,0.7,0.0,0.1,0.2,0.0
11,MultiAgent,0,NOOP,0.018306,0.0,0.015808,0,38,192.4190096762705,147.47333526611328,10,0.09721832275390625,62.2197265625,0.5696270543926577,0,10,10,0.0,0.0,0.7,0.0,0.1,0.2,0.0,48,262.0634700795068,138.64588737487793,11,0.0984039306640625,69.2763671875,0.5961217791165739,0,11,11,0.0,0.0,0.7272727272727273,0.0,0.09090909090909091,0.18181818181818182,0.0
12,MultiAgent,0,NOOP,0.018338,0.0,0.01661,0,48,262.0634700795068,138.64588737487793,11,0.0984039306640625,69.2763671875,0.5961217791165739,0,11,11,0.0,0.0,0.7272727272727273,0.0,0.09090909090909091,0.18181818181818182,0.0,47,237.33864037226326,101.40538215637207,12,0.09918848673502605,76.1767578125,0.5943989044498454,0,12,12,0.0,0.0,0.6666666666666666,0.0,0.08333333333333333,0.25,0.0
13,MultiAgent,0,NOOP,0.017983,0.0,0.015929,0,47,237.33864037226326,101.40538215637207,12,0.09918848673502605,76.1767578125,0.5943989044498454,0,12,12,0.0,0.0,0.6666666666666666,0.0,0.08333333333333333,0.25,0.0,30,166.40387639238423,118.97516250610352,13,0.09804006723257211,81.5693359375,0.6277695450207964,0,13,13,0.0,0.0,0.6153846153846154,0.0,0.07692307692307693,0.3076923076923077,0.0
14,MultiAgent,0,NOOP,0.017743,0.0,0.014739,0,30,166.40387639238423,118.97516250610352,13,0.09804006723257211,81.5693359375,0.6277695450207964,0,13,13,0.0,0.0,0.6153846153846154,0.0,0.07692307692307693,0.3076923076923077,0.0,34,172.0725568532151,167.71960258483887,14,0.09746660505022321,87.330078125,0.6185771702881211,0,14,14,0.0,0.0,0.6428571428571429,0.0,0.07142857142857142,0.2857142857142857,0.0
15,MultiAgent,0,NOOP,0.017441,0.0,0.015445,0,34,172.0725568532151,167.71960258483887,14,0.09746660505022321,87.330078125,0.6185771702881211,0,14,14,0.0,0.0,0.6428571428571429,0.0,0.07142857142857142,0.2857142857142857,0.0,30,168.76245810415517,118.51763725280762,15,0.0965789794921875,92.7158203125,0.6353847212730835,0,15,15,0.0,0.0,0.6,0.0,0.06666666666666667,0.26666666666666666,0.06666666666666667
16,MultiAgent,0,NOOP,0.017226,0.0,0.014637,0,30,168.76245810415517,118.51763725280762,15,0.0965789794921875,92.7158203125,0.6353847212730835,0,15,15,0.0,0.0,0.6,0.0,0.06666666666666667,0.26666666666666666,0.06666666666666667,34,192.48886219300672,149.45244789123535,16,0.09613227844238281,98.439453125,0.6244010471311591,0,16,16,0.0,0.0,0.625,0.0,0.0625,0.25,0.0625
17,MultiAgent,0,NOOP,0.017159,0.0,0.014191,0,34,192.48886219300672,149.45244789123535,16,0.09613227844238281,98.439453125,0.6244010471311591,0,16,16,0.0,0.0,0.625,0.0,0.0625,0.25,0.0625,42,218.99402915680955,169.63911056518555,17,0.09641849293428309,104.9033203125,0.6092729612508471,0,17,17,0.0,0.0,0.6470588235294118,0.0,0.058823529411764705,0.23529411764705882,0.058823529411764705
18,MultiAgent,3,COMPACT_128KB,-0.129242,-0.055,0.194359,0,42,218.99402915680955,169.63911056518555,17,0.09641849293428309,104.9033203125,0.6092729612508471,0,17,17,0.0,0.0,0.6470588235294118,0.0,0.058823529411764705,0.23529411764705882,0.058823529411764705,38,222.648437598222,71.23327255249023,1,0.9794158935546875,62.6826171875,0.0,0,0,18,0.0,0.0,0.6666666666666666,0.0,0.05555555555555555,0.2222222222222222,0.05555555555555555
19,MultiAgent,0,NOOP,0.108428,0.0,0.106284,0,38,222.648437598222,71.23327255249023,1,0.9794158935546875,62.6826171875,0.0,0,0,18,0.0,0.0,0.6666666666666666,0.0,0.05555555555555555,0.2222222222222222,0.05555555555555555,47,228.4863237808235,109.70449447631836,2,0.5433883666992188,69.5537109375,39.46470669100818,0,1,19,0.0,0.0,0.631578947368421,0.05263157894736842,0.05263157894736842,0.21052631578947367,0.05263157894736842
20,MultiAgent,0,NOOP,0.079457,0.0,0.078078,0,47,228.4863237808235,109.70449447631836,2,0.5433883666992188,69.5537109375,39.46470669100818,0,1,19,0.0,0.0,0.631578947368421,0.05263157894736842,0.05263157894736842,0.21052631578947367,0.05263157894736842,49,276.10564837255293,72.71361351013184,3,0.3991597493489583,76.638671875,32.16123771478555,0,2,20,0.0,0.0,0.6,0.05,0.05,0.25,0.05
21,MultiAgent,4,PARTITION_HOUR,-0.118021,-0.1,0.06205,0,49,276.10564837255293,72.71361351013184,3,0.3991597493489583,76.638671875,32.16123771478555,0,2,20,0.0,0.0,0.6,0.05,0.05,0.25,0.05,33,197.13949255236417,92.34166145324707,4,0.3214836120605469,82.2998046875,28.07877644593548,1,3,0,0.0,0.0,0.6,0.05,0.05,0.25,0.05
22,MultiAgent,0,NOOP,0.055112,-0.044719,0.053517,0,33,197.13949255236417,92.34166145324707,4,0.3214836120605469,82.2998046875,28.07877644593548,1,3,0,0.0,0.0,0.6,0.05,0.05,0.25,0.05,46,219.49838622517763,86.03572845458984,5,0.2786865234375,89.1796875,25.076368247798694,1,4,1,0.0,0.0,0.55,0.05,0.05,0.3,0.05
23,MultiAgent,0,NOOP,0.048492,-0.041565,0.046931,0,46,219.49838622517763,86.03572845458984,5,0.2786865234375,89.1796875,25.076368247798694,1,4,1,0.0,0.0,0.55,0.05,0.05,0.3,0.05,30,166.91554940047675,85.5414867401123,6,0.24621073404947916,94.544921875,22.999546408672483,1,5,2,0.0,0.0,0.5,0.05,0.05,0.35,0.05
24,MultiAgent,0,NOOP,0.044284,-0.037394,0.042843,0,30,166.91554940047675,85.5414867401123,6,0.24621073404947916,94.544921875,22.999546408672483,1,5,2,0.0,0.0,0.5,0.05,0.05,0.35,0.05,43,220.0122866727661,80.78432083129883,7,0.22579302106584823,101.1552734375,21.27836495863972,1,6,3,0.0,0.0,0.45,0.1,0.05,0.35,0.05
25,MultiAgent,0,NOOP,0.040658,-0.034615,0.038994,0,43,220.0122866727661,80.78432083129883,7,0.22579302106584823,101.1552734375,21.27836495863972,1,6,3,0.0,0.0,0.45,0.1,0.05,0.35,0.05,31,157.59230700238285,93.18733215332031,8,0.20829010009765625,106.64453125,19.95309766081966,1,7,4,0.0,0.0,0.45,0.1,0.05,0.3,0.1
26,MultiAgent,0,NOOP,0.037825,-0.032008,0.036609,0,31,157.59230700238285,93.18733215332031,8,0.20829010009765625,106.64453125,19.95309766081966,1,7,4,0.0,0.0,0.45,0.1,0.05,0.3,0.1,31,140.60234439205848,72.04318046569824,9,0.19474962022569445,112.17578125,18.84460554470483,1,8,5,0.0,0.0,0.4,0.1,0.05,0.3,0.15
27,MultiAgent,0,NOOP,0.035842,0.081396,0.092298,0,31,140.60234439205848,72.04318046569824,9,0.19474962022569445,112.17578125,18.84460554470483,1,8,5,0.0,0.0,0.4,0.1,0.05,0.3,0.15,42,210.76652349218125,126.17349624633789,10,0.18546142578125,118.6953125,17.866032460329535,1,9,6,0.19576335877862597,0.009788167938931298,0.45,0.1,0.05,0.25,0.15
28,MultiAgent,0,NOOP,0.034228,0.100982,0.099238,0,42,210.76652349218125,126.17349624633789,10,0.18546142578125,118.6953125,17.866032460329535,1,9,6,0.19576335877862597,0.009788167938931298,0.45,0.1,0.05,0.25,0.15,44,204.53715595415161,137.41421699523926,11,0.17801596901633523,125.3232421875,17.022728213367976,1,10,7,0.22494505494505496,0.021035420686184046,0.45,0.1,0.05,0.25,0.15
29,MultiAgent,0,NOOP,0.032913,-0.022496,0.030712,0,44,204.53715595415161,137.41421699523926,11,0.17801596901633523,125.3232421875,17.022728213367976,1,10,7,0.22494505494505496,0.021035420686184046,0.45,0.1,0.05,0.25,0.15,46,252.37047336635698,125.0600814819336,12,0.17206573486328125,132.146484375,16.284056355587886,1,11,8,0.0,0.021035420686184046,0.4,0.1,0.05,0.3,0.15
30,MultiAgent,0,NOOP,0.031804,0.108544,0.09708,0,46,252.37047336635698,125.0600814819336,12,0.17206573486328125,132.146484375,16.284056355587886,1,11,8,0.0,0.021035420686184046,0.4,0.1,0.05,0.3,0.15,47,210.35229893091096,170.19104957580566,13,0.167144775390625,139.064453125,15.632095048471639,1,12,9,0.22784810126582278,0.032427825749475184,0.4,0.1,0.05,0.3,0.15
31,MultiAgent,0,NOOP,0.030894,-0.016802,0.02897,0,47,210.35229893091096,170.19104957580566,13,0.167144775390625,139.064453125,15.632095048471639,1,12,9,0.22784810126582278,0.032427825749475184,0.4,0.1,0.05,0.3,0.15,50,271.01955153844466,113.65890502929688,14,0.16321781703404017,146.2431640625,15.04824209617809,1,13,10,0.0,0.032427825749475184,0.35,0.15,0.05,0.3,0.15
32,MultiAgent,0,NOOP,0.029983,-0.014504,0.028552,0,50,271.01955153844466,113.65890502929688,14,0.16321781703404017,146.2431640625,15.04824209617809,1,13,10,0.0,0.032427825749475184,0.35,0.15,0.05,0.3,0.15,44,208.91846096024705,90.29030799865723,15,0.15928955078125,152.91796875,14.533503261083535,1,14,11,0.0,0.032427825749475184,0.35,0.15,0.05,0.25,0.2
33,MultiAgent,0,NOOP,0.029146,0.182146,0.129093,0,44,208.91846096024705,90.29030799865723,15,0.15928955078125,152.91796875,14.533503261083535,1,14,11,0.0,0.032427825749475184,0.35,0.15,0.05,0.25,0.2,43,169.59431284968733,210.71910858154297,16,0.1557302474975586,159.4677734375,14.070232924611071,1,15,12,0.34586989409984875,0.04972132045446762,0.4,0.15,0.05,0.2,0.2
34,MultiAgent,0,NOOP,0.028248,0.191809,0.133525,0,43,169.59431284968733,210.71910858154297,16,0.1557302474975586,159.4677734375,14.070232924611071,1,15,12,0.34586989409984875,0.04972132045446762,0.4,0.15,0.05,0.2,0.2,34,173.42499884469544,161.39507293701172,17,0.15186713723575368,165.2314453125,13.661529936775379,1,16,13,0.3602654867256637,0.06773459479075081,0.4,0.15,0.05,0.2,0.2
35,MultiAgent,3,COMPACT_128KB,-0.127778,0.4625,0.471715,0,34,173.42499884469544,161.39507293701172,17,0.15186713723575368,165.2314453125,13.661529936775379,1,16,13,0.3602654867256637,0.06773459479075081,0.4,0.15,0.05,0.2,0.2,48,191.73376811373367,77.81815528869629,2,0.9873580932617188,126.3818359375,14.978372256559963,1,0,14,0.92,0.1137345947907508,0.45,0.15,0.05,0.2,0.15
36,MultiAgent,0,NOOP,0.137504,0.0,0.136161,0,48,191.73376811373367,77.81815528869629,2,0.9873580932617188,126.3818359375,14.978372256559963,1,0,14,0.92,0.1137345947907508,0.45,0.15,0.05,0.2,0.15,37,188.6872778029054,70.91283798217773,3,0.6893971761067709,132.3642578125,34.685921632523744,1,1,15,0.0,0.1137345947907508,0.4,0.15,0.05,0.25,0.15
37,MultiAgent,0,NOOP,0.107386,0.5175,0.381775,0,37,188.6872778029054,70.91283798217773,3,0.6893971761067709,132.3642578125,34.685921632523744,1,1,15,0.0,0.1137345947907508,0.4,0.15,0.05,0.25,0.15,34,172.8792154105396,85.53242683410645,4,0.5394287109375,138.09375,34.21345431198154,1,2,16,0.92,0.1597345947907508,0.4,0.15,0.05,0.25,0.15
38,MultiAgent,0,NOOP,0.089441,0.5175,0.362576,0,34,172.8792154105396,85.53242683410645,4,0.5394287109375,138.09375,34.21345431198154,1,2,16,0.92,0.1597345947907508,0.4,0.15,0.05,0.25,0.15,37,192.2041071612137,149.50823783874512,5,0.45032958984375,144.10546875,32.25684366431962,1,3,17,0.92,0.20573459479075082,0.4,0.15,0.05,0.25,0.15
39,MultiAgent,0,NOOP,0.078009,0.5175,0.351436,0,37,192.2041071612137,149.50823783874512,5,0.45032958984375,144.10546875,32.25684366431962,1,3,17,0.92,0.20573459479075082,0.4,0.15,0.05,0.25,0.15,50,225.47378855596494,136.124849319458,6,0.3937937418619792,151.216796875,30.182039214233974,1,4,18,0.92,0.25173459479075083,0.45,0.1,0.05,0.25,0.15
40,MultiAgent,0,NOOP,0.069126,0.5175,0.343046,0,50,225.47378855596494,136.124849319458,6,0.3937937418619792,151.216796875,30.182039214233974,1,4,18,0.92,0.25173459479075083,0.45,0.1,0.05,0.25,0.15,32,159.4188134487997,112.73050308227539,7,0.35000392368861605,156.8017578125,28.532604459349876,1,5,19,0.92,0.2977345947907508,0.5,0.1,0.05,0.2,0.15
41,MultiAgent,0,NOOP,0.063068,0.0,0.061623,0,32,159.4188134487997,112.73050308227539,7,0.35000392368861605,156.8017578125,28.532604459349876,1,5,19,0.92,0.2977345947907508,0.5,0.1,0.05,0.2,0.15,50,199.38771396734728,82.28039741516113,8,0.3203411102294922,164.0146484375,26.956263603560046,1,6,20,0.0,0.2977345947907508,0.45,0.15,0.05,0.2,0.15
42,MultiAgent,0,NOOP,0.057902,0.5175,0.331581,0,50,199.38771396734728,82.28039741516113,8,0.3203411102294922,164.0146484375,26.956263603560046,1,6,20,0.0,0.2977345947907508,0.45,0.15,0.05,0.2,0.15,37,172.9305377264299,127.29096412658691,9,0.295135498046875,169.998046875,25.675487763285616,1,7,21,0.92,0.3437345947907508,0.5,0.15,0.05,0.15,0.15
43,MultiAgent,0,NOOP,0.05387,0.5175,0.327175,0,37,172.9305377264299,127.29096412658691,9,0.295135498046875,169.998046875,25.675487763285616,1,7,21,0.92,0.3437345947907508,0.5,0.15,0.05,0.15,0.15,41,201.83999417836276,147.23992347717285,10,0.27559967041015626,176.3837890625,24.527844269896264,1,8,22,0.92,0.3897345947907508,0.55,0.15,0.05,0.1,0.15
44,MultiAgent,0,NOOP,0.050711,0.5175,0.324448,0,41,201.83999417836276,147.23992347717285,10,0.27559967041015626,176.3837890625,24.527844269896264,1,8,22,0.92,0.3897345947907508,0.55,0.15,0.05,0.1,0.15,47,243.82954764720142,126.91688537597656,11,0.2604314630681818,183.34375,23.490846459351943,1,9,23,0.92,0.43573459479075083,0.6,0.1,0.05,0.1,0.15
45,MultiAgent,0,NOOP,0.047953,0.5175,0.312551,0,47,243.82954764720142,126.91688537597656,11,0.2604314630681818,183.34375,23.490846459351943,1,9,23,0.92,0.43573459479075083,0.6,0.1,0.05,0.1,0.15,43,234.88779750857933,585.0851535797119,12,0.24726359049479166,189.8984375,22.587098776543634,1,10,24,0.92,0.48173459479075087,0.65,0.1,0.05,0.1,0.1
46,MultiAgent,0,NOOP,0.045506,0.5175,0.318504,0,43,234.88779750857933,585.0851535797119,12,0.24726359049479166,189.8984375,22.587098776543634,1,10,24,0.92,0.48173459479075087,0.65,0.1,0.05,0.1,0.1,39,121.17138516308869,166.34058952331543,13,0.23565556452824518,196.0654296875,21.790760605424598,1,11,25,0.92,0.5277345947907508,0.7,0.1,0.05,0.1,0.05
47,MultiAgent,0,NOOP,0.043596,0.515053,0.316522,0,39,121.17138516308869,166.34058952331543,13,0.23565556452824518,196.0654296875,21.790760605424598,1,11,25,0.92,0.5277345947907508,0.7,0.1,0.05,0.1,0.05,49,81.03279937293694,171.1580753326416,14,0.22672816685267858,203.1484375,21.044750707829003,1,12,26,0.92,0.5639464268518195,0.7,0.1,0.05,0.1,0.05
48,MultiAgent,0,NOOP,0.041885,-0.002812,0.039948,0,49,81.03279937293694,171.1580753326416,14,0.22672816685267858,203.1484375,21.044750707829003,1,12,26,0.92,0.5639464268518195,0.7,0.1,0.05,0.1,0.05,47,206.92870683918048,115.62323570251465,15,0.2188018798828125,210.0498046875,20.37417895696374,1,13,27,0.0,0.5526991741045667,0.65,0.15,0.05,0.1,0.05
49,MultiAgent,0,NOOP,0.040078,0.0,0.038101,0,47,206.92870683918048,115.62323570251465,15,0.2188018798828125,210.0498046875,20.37417895696374,1,13,27,0.0,0.5526991741045667,0.65,0.15,0.05,0.1,0.05,30,123.67981222318548,118.83306503295898,16,0.2103891372680664,215.4384765625,19.80079840411448,1,14,28,0.0,0.5526991741045668,0.65,0.2,0.05,0.05,0.05
50,MultiAgent,0,NOOP,0.038642,-0.002848,0.03652,0,30,123.67981222318548,118.83306503295898,16,0.2103891372680664,215.4384765625,19.80079840411448,1,14,28,0.0,0.5526991741045668,0.65,0.2,0.05,0.05,0.05,41,153.8315680998454,127.36320495605469,17,0.20383408490349264,221.771484375,19.249912692521157,1,15,29,0.0,0.5413067690412757,0.65,0.2,0.0,0.1,0.05
51,MultiAgent,3,COMPACT_128KB,-0.12525,-0.055,0.198465,0,41,153.8315680998454,127.36320495605469,17,0.20383408490349264,221.771484375,19.249912692521157,1,15,29,0.0,0.5413067690412757,0.65,0.2,0.0,0.1,0.05,41,201.58540799699907,66.74861907958984,2,1.4380950927734375,184.076171875,44.607113135828705,1,0,30,0.0,0.5413067690412756,0.65,0.15,0.0,0.15,0.05
52,MultiAgent,0,NOOP,0.198303,0.0,0.197065,0,41,201.58540799699907,66.74861907958984,2,1.4380950927734375,184.076171875,44.607113135828705,1,0,30,0.0,0.5413067690412756,0.65,0.15,0.0,0.15,0.05,45,186.60204829175552,65.63568115234375,3,0.9933878580729166,190.73046875,58.523736632066445,1,1,31,0.0,0.5413067690412756,0.65,0.15,0.0,0.2,0.0
53,MultiAgent,0,NOOP,0.153203,0.513177,0.427126,0,45,186.60204829175552,65.63568115234375,3,0.9933878580729166,190.73046875,58.523736632066445,1,1,31,0.0,0.5413067690412756,0.65,0.15,0.0,0.2,0.0,37,149.2619083572262,108.81352424621582,4,0.7685127258300781,196.7392578125,55.784150646740784,1,2,32,0.92,0.5700132743362831,0.65,0.15,0.0,0.2,0.0
54,MultiAgent,0,NOOP,0.126359,0.512997,0.399927,0,37,149.2619083572262,108.81352424621582,4,0.7685127258300781,196.7392578125,55.784150646740784,1,2,32,0.92,0.5700132743362831,0.65,0.15,0.0,0.2,0.0,42,167.8434535050126,127.8378963470459,5,0.6349212646484375,203.1748046875,51.95578479079042,1,3,33,0.92,0.5980000000000001,0.65,0.15,0.0,0.2,0.0
55,MultiAgent,0,NOOP,0.108096,-0.0115,0.106938,0,42,167.8434535050126,127.8378963470459,5,0.6349212646484375,203.1748046875,51.95578479079042,1,3,33,0.92,0.5980000000000001,0.65,0.15,0.0,0.2,0.0,34,159.58524897997552,65.36602973937988,6,0.5442276000976562,208.9833984375,48.59700437092776,1,4,34,0.0,0.552,0.6,0.15,0.0,0.2,0.05
56,MultiAgent,0,NOOP,0.095588,0.0,0.094154,0,34,159.58524897997552,65.36602973937988,6,0.5442276000976562,208.9833984375,48.59700437092776,1,4,34,0.0,0.552,0.6,0.15,0.0,0.2,0.05,49,219.8841697354597,80.44862747192383,7,0.4823150634765625,216.0771484375,45.5846661483837,1,5,35,0.0,0.552,0.6,0.2,0.0,0.15,0.05
57,MultiAgent,0,NOOP,0.086087,0.506,0.359607,0,49,219.8841697354597,80.44862747192383,7,0.4823150634765625,216.0771484375,45.5846661483837,1,5,35,0.0,0.552,0.6,0.2,0.0,0.15,0.05,47,176.30565373552938,134.02533531188965,8,0.4354362487792969,222.943359375,43.047901494805686,1,6,36,0.92,0.552,0.6,0.2,0.0,0.15,0.05
58,MultiAgent,0,NOOP,0.078685,0.506,0.35233,0,47,176.30565373552938,134.02533531188965,8,0.4354362487792969,222.943359375,43.047901494805686,1,6,36,0.92,0.552,0.6,0.2,0.0,0.15,0.05,47,194.99456261010542,129.01711463928223,9,0.3990512424045139,229.853515625,40.869116586556316,1,7,37,0.92,0.552,0.6,0.2,0.0,0.15,0.05
59,MultiAgent,0,NOOP,0.072543,-0.0115,0.07045,0,47,194.99456261010542,129.01711463928223,9,0.3990512424045139,229.853515625,40.869116586556316,1,7,37,0.92,0.552,0.6,0.2,0.0,0.15,0.05,40,176.47855293026151,117.18297004699707,10,0.3689666748046875,236.138671875,39.009865790476915,1,8,38,0.0,0.506,0.55,0.2,0.0,0.2,0.05
60,MultiAgent,0,NOOP,0.06769,0.506,0.341132,0,40,176.47855293026151,117.18297004699707,10,0.3689666748046875,236.138671875,39.009865790476915,1,8,38,0.0,0.506,0.55,0.2,0.0,0.2,0.05,48,176.988854603476,141.65306091308594,11,0.3453244295987216,243.1083984375,37.346713064759044,1,9,39,0.92,0.506,0.55,0.2,0.0,0.2,0.05
61,MultiAgent,0,NOOP,0.063681,0.0,0.061651,0,48,176.988854603476,141.65306091308594,11,0.3453244295987216,243.1083984375,37.346713064759044,1,9,39,0.92,0.506,0.55,0.2,0.0,0.2,0.05,50,239.98745793085612,116.49560928344727,12,0.32590611775716144,250.2958984375,35.86799207421378,1,10,40,0.0,0.506,0.55,0.15,0.0,0.25,0.05
62,MultiAgent,0,NOOP,0.060108,-0.0115,0.058503,0,50,239.98745793085612,116.49560928344727,12,0.32590611775716144,250.2958984375,35.86799207421378,1,10,40,0.0,0.506,0.55,0.15,0.0,0.25,0.05,43,214.86521949946805,96.51374816894531,13,0.30866417518028844,256.80859375,34.570699448169655,1,11,41,0.0,0.4600000000000001,0.5,0.15,0.0,0.25,0.1
63,MultiAgent,0,NOOP,0.057108,-0.0115,0.055184,0,43,214.86521949946805,96.51374816894531,13,0.30866417518028844,256.80859375,34.570699448169655,1,11,41,0.0,0.4600000000000001,0.5,0.15,0.0,0.25,0.1,47,183.05856264526906,113.70491981506348,14,0.29429190499441965,263.685546875,33.392290016770346,1,12,42,0.0,0.41400000000000003,0.45,0.2,0.0,0.25,0.1
64,MultiAgent,0,NOOP,0.054231,0.506,0.32766,0,47,183.05856264526906,113.70491981506348,14,0.29429190499441965,263.685546875,33.392290016770346,1,12,42,0.0,0.41400000000000003,0.45,0.2,0.0,0.25,0.1,32,120.32176711579665,147.27282524108887,15,0.2805277506510417,269.306640625,32.35798025676691,1,13,43,0.92,0.41400000000000003,0.45,0.2,0.0,0.25,0.1
65,MultiAgent,0,NOOP,0.051826,0.506,0.325167,0,32,120.32176711579665,147.27282524108887,15,0.2805277506510417,269.306640625,32.35798025676691,1,13,43,0.92,0.41400000000000003,0.45,0.2,0.0,0.25,0.1,40,190.32144477720303,152.94122695922852,16,0.26912975311279297,275.5888671875,31.39666161521453,1,14,44,0.92,0.41400000000000003,0.45,0.2,0.0,0.25,0.1
66,MultiAgent,0,NOOP,0.049817,0.506,0.323074,0,40,190.32144477720303,152.94122695922852,16,0.26912975311279297,275.5888671875,31.39666161521453,1,14,44,0.92,0.41400000000000003,0.45,0.2,0.0,0.25,0.1,48,214.26498299835572,158.4336757659912,17,0.25971177045036764,282.56640625,30.50110178098236,1,15,45,0.92,0.41400000000000003,0.45,0.2,0.0,0.25,0.1
67,MultiAgent,3,COMPACT_128KB,-0.125375,0.451,0.473216,0,48,214.26498299835572,158.4336757659912,17,0.25971177045036764,282.56640625,30.50110178098236,1,15,45,0.92,0.41400000000000003,0.45,0.2,0.0,0.25,0.1,35,144.11180199831543,124.21870231628418,3,1.27294921875,244.40625,50.52425012838955,1,0,46,0.92,0.41400000000000003,0.45,0.2,0.0,0.25,0.1
68,MultiAgent,0,NOOP,0.195648,0.0,0.193955,0,35,144.11180199831543,124.21870231628418,3,1.27294921875,244.40625,50.52425012838955,1,0,46,0.92,0.41400000000000003,0.45,0.2,0.0,0.25,0.1,45,239.55891760166523,89.65015411376953,4,0.9807395935058594,251.0693359375,55.68457366855398,1,1,47,0.0,0.41400000000000003,0.45,0.15,0.0,0.25,0.15
69,MultiAgent,0,NOOP,0.159816,0.0,0.158084,0,45,239.55891760166523,89.65015411376953,4,0.9807395935058594,251.0693359375,55.68457366855398,1,1,47,0.0,0.41400000000000003,0.45,0.15,0.0,0.25,0.15,33,159.82655245758153,92.82493591308594,5,0.802203369140625,256.705078125,54.57455968430174,1,2,48,0.0,0.41400000000000003,0.45,0.1,0.0,0.3,0.15
70,MultiAgent,0,NOOP,0.136532,0.5175,0.41043,0,33,159.82655245758153,92.82493591308594,5,0.802203369140625,256.705078125,54.57455968430174,1,2,48,0.0,0.41400000000000003,0.45,0.1,0.0,0.3,0.15,47,273.24834774894657,112.61153221130371,6,0.6864089965820312,263.5810546875,52.079068107317404,1,3,49,0.92,0.4600000000000001,0.5,0.1,0.0,0.25,0.15
71,MultiAgent,0,NOOP,0.119669,0.5175,0.393134,0,47,273.24834774894657,112.61153221130371,6,0.6864089965820312,263.5810546875,52.079068107317404,1,3,49,0.92,0.4600000000000001,0.5,0.1,0.0,0.25,0.15,42,219.33158443220685,135.47754287719727,7,0.6027178083147321,270.017578125,49.6086279263509,1,4,50,0.92,0.506,0.55,0.1,0.0,0.2,0.15
72,MultiAgent,0,NOOP,0.10728,0.421875,0.329412,0,42,219.33158443220685,135.47754287719727,7,0.6027178083147321,270.017578125,49.6086279263509,1,4,50,0.92,0.506,0.55,0.1,0.0,0.2,0.15,50,231.7912283823648,153.4135341644287,8,0.5413990020751953,277.1962890625,47.2509238467434,1,5,51,0.75,0.5435000000000001,0.55,0.1,0.05,0.15,0.15
73,MultiAgent,0,NOOP,0.097452,-0.0115,0.096203,0,50,231.7912283823648,153.4135341644287,8,0.5413990020751953,277.1962890625,47.2509238467434,1,5,51,0.75,0.5435000000000001,0.55,0.1,0.05,0.15,0.15,45,214.13057240294881,73.67944717407227,9,0.4928843180338542,283.9013671875,45.170061302654396,1,6,52,0.0,0.49750000000000005,0.5,0.1,0.05,0.15,0.2
74,MultiAgent,0,NOOP,0.089616,0.410375,0.311931,0,45,214.13057240294881,73.67944717407227,9,0.4928843180338542,283.9013671875,45.170061302654396,1,6,52,0.0,0.49750000000000005,0.5,0.1,0.05,0.15,0.2,46,210.91281800134678,146.7905044555664,10,0.45433197021484373,290.7724609375,43.29559775205081,1,7,53,0.75,0.48900000000000005,0.45,0.1,0.1,0.15,0.2
75,MultiAgent,0,NOOP,0.083106,0.0,0.081328,0,46,210.91281800134678,146.7905044555664,10,0.45433197021484373,290.7724609375,43.29559775205081,1,7,53,0.75,0.48900000000000005,0.45,0.1,0.1,0.15,0.2,43,241.933741396402,102.62250900268555,11,0.4224035089666193,297.3720703125,41.62918679032693,1,8,54,0.0,0.48900000000000005,0.45,0.1,0.1,0.2,0.15
76,MultiAgent,0,NOOP,0.077554,0.5175,0.351203,0,43,241.933741396402,102.62250900268555,11,0.4224035089666193,297.3720703125,41.62918679032693,1,8,54,0.0,0.48900000000000005,0.45,0.1,0.1,0.2,0.15,39,189.6020668959354,132.53188133239746,12,0.3952687581380208,303.56640625,40.14517502724067,1,9,55,0.92,0.535,0.5,0.05,0.1,0.2,0.15
77,MultiAgent,0,NOOP,0.072681,-0.0115,0.07046,0,39,189.6020668959354,132.53188133239746,12,0.3952687581380208,303.56640625,40.14517502724067,1,9,55,0.92,0.535,0.5,0.05,0.1,0.2,0.15,32,139.9000482601839,127.29287147521973,13,0.37153038611778844,309.11328125,38.82445043509047,1,10,56,0.0,0.489,0.45,0.1,0.1,0.2,0.15
78,MultiAgent,0,NOOP,0.068609,0.506,0.341269,0,32,139.9000482601839,127.29287147521973,13,0.37153038611778844,309.11328125,38.82445043509047,1,10,56,0.0,0.489,0.45,0.1,0.1,0.2,0.15,38,155.21887438147075,184.49640274047852,14,0.35179356166294645,315.20703125,37.5995583560926,1,11,57,0.92,0.489,0.45,0.1,0.1,0.2,0.15
79,MultiAgent,0,NOOP,0.065232,0.5175,0.338385,0,38,155.21887438147075,184.49640274047852,14,0.35179356166294645,315.20703125,37.5995583560926,1,11,57,0.92,0.489,0.45,0.1,0.1,0.2,0.15,47,253.42737878680748,161.08393669128418,15,0.3355326334635417,322.111328125,36.4553443604803,1,12,58,0.92,0.5349999999999999,0.5,0.1,0.1,0.15,0.15
80,MultiAgent,0,NOOP,0.062105,-0.0115,0.060156,0,47,253.42737878680748,161.08393669128418,15,0.3355326334635417,322.111328125,36.4553443604803,1,12,58,0.92,0.5349999999999999,0.5,0.1,0.1,0.15,0.15,38,171.56722706262528,117.48218536376953,16,0.320526123046875,328.21875,35.428111150933525,1,13,59,0.0,0.489,0.45,0.15,0.1,0.15,0.15
81,MultiAgent,0,NOOP,0.059371,0.421875,0.279723,0,38,171.56722706262528,117.48218536376953,16,0.320526123046875,328.21875,35.428111150933525,1,13,59,0.0,0.489,0.45,0.15,0.1,0.15,0.15,41,195.6630162329572,253.6149024963379,17,0.3074789608226103,334.537109375,34.47546178618879,1,14,60,0.75,0.5265,0.45,0.15,0.15,0.1,0.15
82,MultiAgent,3,COMPACT_128KB,-0.125375,0.366875,0.42262,0,41,195.6630162329572,253.6149024963379,17,0.3074789608226103,334.537109375,34.47546178618879,1,14,60,0.75,0.5265,0.45,0.15,0.15,0.1,0.15,48,237.17989008464542,103.98983955383301,3,1.5557301839192708,298.7001953125,22.217791365390624,1,0,61,0.75,0.564,0.45,0.15,0.2,0.1,0.1
83,MultiAgent,0,NOOP,0.1995,0.421875,0.422682,0,48,237.17989008464542,103.98983955383301,3,1.5557301839192708,298.7001953125,22.217791365390624,1,0,61,0.75,0.564,0.45,0.15,0.2,0.1,0.1,40,207.6185125464218,95.92294692993164,4,1.1911811828613281,304.9423828125,50.06450315619874,1,1,62,0.75,0.6015,0.45,0.1,0.25,0.1,0.1
84,MultiAgent,0,NOOP,0.194171,0.506,0.468017,0,40,207.6185125464218,95.92294692993164,4,1.1911811828613281,304.9423828125,50.06450315619874,1,1,62,0.75,0.6015,0.45,0.1,0.25,0.1,0.1,45,223.245620986619,113.93427848815918,5,0.973980712890625,311.673828125,53.34797317154887,1,2,63,0.92,0.6014999999999999,0.45,0.1,0.25,0.1,0.1
85,MultiAgent,0,NOOP,0.165202,-0.0115,0.163663,0,45,223.245620986619,113.93427848815918,5,0.973980712890625,311.673828125,53.34797317154887,1,2,63,0.92,0.6014999999999999,0.45,0.1,0.25,0.1,0.1,48,233.2968991718069,84.47384834289551,6,0.8297602335611979,318.6279296875,52.80127509707588,1,3,64,0.0,0.5555,0.4,0.15,0.25,0.1,0.1
86,MultiAgent,0,NOOP,0.14391,-0.0115,0.142462,0,48,233.2968991718069,84.47384834289551,6,0.8297602335611979,318.6279296875,52.80127509707588,1,3,64,0.0,0.5555,0.4,0.15,0.25,0.1,0.1,34,126.16267184034496,81.14504814147949,7,0.7239249093191964,324.318359375,51.424416416340776,1,4,65,0.0,0.5095,0.35,0.2,0.25,0.1,0.1
87,MultiAgent,0,NOOP,0.127902,0.506,0.401073,0,34,126.16267184034496,81.14504814147949,7,0.7239249093191964,324.318359375,51.424416416340776,1,4,65,0.0,0.5095,0.35,0.2,0.25,0.1,0.1,33,170.3306292825077,151.43847465515137,8,0.6445083618164062,329.98828125,49.73285103719532,1,5,66,0.92,0.5095000000000001,0.35,0.2,0.25,0.1,0.1
88,MultiAgent,0,NOOP,0.115931,-0.0,0.114645,0,33,170.3306292825077,151.43847465515137,8,0.6445083618164062,329.98828125,49.73285103719532,1,5,66,0.92,0.5095000000000001,0.35,0.2,0.25,0.1,0.1,50,230.51376552172906,75.54793357849121,9,0.5852779812282987,337.1201171875,47.890652515043236,1,6,67,0.0,0.5095,0.35,0.2,0.25,0.1,0.1
89,MultiAgent,0,NOOP,0.106203,0.0,0.104395,0,50,230.51376552172906,75.54793357849121,9,0.5852779812282987,337.1201171875,47.890652515043236,1,6,67,0.0,0.5095,0.35,0.2,0.25,0.1,0.1,45,210.51280964543437,102.91171073913574,10,0.5372650146484375,343.849609375,46.18552236904401,1,7,68,0.0,0.5095,0.35,0.2,0.25,0.1,0.1
90,MultiAgent,0,NOOP,0.098,0.506,0.371528,0,45,210.51280964543437,102.91171073913574,10,0.5372650146484375,343.849609375,46.18552236904401,1,7,68,0.0,0.5095,0.35,0.2,0.25,0.1,0.1,36,174.02567598561185,137.33267784118652,11,0.4968747225674716,349.7998046875,44.64633794767004,1,8,69,0.92,0.5095,0.35,0.2,0.25,0.1,0.1
91,MultiAgent,0,NOOP,0.091254,0.410375,0.313431,0,36,174.02567598561185,137.33267784118652,11,0.4968747225674716,349.7998046875,44.64633794767004,1,8,69,0.92,0.5095,0.35,0.2,0.25,0.1,0.1,41,209.22250651210382,156.15105628967285,12,0.46376927693684894,356.1748046875,43.196712311754375,1,9,70,0.75,0.5010000000000001,0.3,0.2,0.3,0.1,0.1
92,MultiAgent,0,NOOP,0.085688,0.508125,0.359086,0,41,209.22250651210382,156.15105628967285,12,0.46376927693684894,356.1748046875,43.196712311754375,1,9,70,0.75,0.5010000000000001,0.3,0.2,0.3,0.1,0.1,49,263.6600452602464,146.3310718536377,13,0.4365645188551683,363.2216796875,41.83142848646138,1,10,71,0.92,0.5095,0.35,0.2,0.25,0.1,0.1
93,MultiAgent,0,NOOP,0.080868,0.0,0.079458,0,49,263.6600452602464,146.3310718536377,13,0.4365645188551683,363.2216796875,41.83142848646138,1,10,71,0.92,0.5095,0.35,0.2,0.25,0.1,0.1,47,237.7734827687691,88.00911903381348,14,0.41309029715401785,370.12890625,40.58154669588777,1,11,72,0.0,0.5095,0.35,0.2,0.25,0.1,0.1
94,MultiAgent,0,NOOP,0.076519,-0.009375,0.074482,0,47,237.7734827687691,88.00911903381348,14,0.41309029715401785,370.12890625,40.58154669588777,1,11,72,0.0,0.5095,0.35,0.2,0.25,0.1,0.1,39,183.35241383175475,120.6216812133789,15,0.39196980794270836,376.291015625,39.45422396950187,1,12,73,0.0,0.472,0.35,0.2,0.2,0.15,0.1
95,MultiAgent,0,NOOP,0.072822,0.5175,0.346245,0,39,183.35241383175475,120.6216812133789,15,0.39196980794270836,376.291015625,39.45422396950187,1,12,73,0.0,0.472,0.35,0.2,0.2,0.15,0.1,46,210.29923755647476,148.85282516479492,16,0.37410926818847656,383.087890625,38.3896598107711,1,13,74,0.92,0.518,0.4,0.2,0.2,0.1,0.1
96,MultiAgent,0,NOOP,0.069334,0.410375,0.290718,0,46,210.29923755647476,148.85282516479492,16,0.37410926818847656,383.087890625,38.3896598107711,1,13,74,0.92,0.518,0.4,0.2,0.2,0.1,0.1,33,166.33702431626284,202.0277976989746,17,0.35729262408088236,388.734375,37.43457629949162,1,14,75,0.75,0.5095,0.35,0.2,0.25,0.1,0.1
97,MultiAgent,3,COMPACT_128KB,-0.125375,0.4625,0.473862,0,33,166.33702431626284,202.0277976989746,17,0.35729262408088236,388.734375,37.43457629949162,1,14,75,0.75,0.5095,0.35,0.2,0.25,0.1,0.1,42,232.8004091433495,91.90130233764648,3,1.8373921712239583,352.779296875,5.94383956034107,1,0,76,0.92,0.5555,0.4,0.15,0.25,0.1,0.1
98,MultiAgent,0,NOOP,0.1995,0.506,0.473803,0,42,232.8004091433495,91.90130233764648,3,1.8373921712239583,352.779296875,5.94383956034107,1,0,76,0.92,0.5555,0.4,0.15,0.25,0.1,0.1,33,163.38010665999354,89.87092971801758,4,1.4001083374023438,358.427734375,56.18233375716307,1,1,77,0.92,0.5555,0.4,0.15,0.25,0.1,0.1
99,MultiAgent,0,NOOP,0.199375,-0.0115,0.197927,0,33,163.38010665999354,89.87092971801758,4,1.4001083374023438,358.427734375,56.18233375716307,1,1,77,0.92,0.5555,0.4,0.15,0.25,0.1,0.1,32,180.8374389147953,78.63306999206543,5,1.1375457763671875,364.0146484375,61.475309728437125,1,2,78,0.0,0.5095,0.35,0.15,0.25,0.15,0.1
100,MultiAgent,0,NOOP,0.191679,0.5175,0.465218,0,32,180.8374389147953,78.63306999206543,5,1.1375457763671875,364.0146484375,61.475309728437125,1,2,78,0.0,0.5095,0.35,0.15,0.25,0.15,0.1,31,154.99164864716667,130.5079460144043,6,0.9621429443359375,369.462890625,61.47747516776311,1,3,79,0.92,0.5555,0.4,0.1,0.25,0.15,0.1
101,MultiAgent,0,NOOP,0.169168,0.508125,0.442431,0,31,154.99164864716667,130.5079460144043,6,0.9621429443359375,369.462890625,61.47747516776311,1,3,79,0.92,0.5555,0.4,0.1,0.25,0.15,0.1,99,462.5277035802681,145.5669403076172,7,0.8502131870814732,380.8955078125,59.23493226949222,1,4,80,0.92,0.564,0.45,0.1,0.2,0.15,0.1
102,MultiAgent,0,NOOP,0.151954,0.508125,0.425675,0,99,462.5277035802681,145.5669403076172,7,0.8502131870814732,380.8955078125,59.23493226949222,1,4,80,0.92,0.564,0.45,0.1,0.2,0.15,0.1,90,459.84292944981456,123.95238876342773,8,0.7647705078125,391.5625,56.98021154686819,1,5,81,0.92,0.5725,0.5,0.1,0.15,0.15,0.1
103,MultiAgent,0,NOOP,0.138509,0.4125,0.360758,0,90,459.84292944981456,123.95238876342773,8,0.7647705078125,391.5625,56.98021154686819,1,5,81,0.92,0.5725,0.5,0.1,0.15,0.15,0.1,89,415.96805020681785,148.8053798675537,9,0.6981692843967013,402.1455078125,54.812589207683814,1,6,82,0.75,0.5725,0.5,0.1,0.15,0.15,0.1
104,MultiAgent,0,NOOP,0.127542,0.410375,0.349667,0,89,415.96805020681785,148.8053798675537,9,0.6981692843967013,402.1455078125,54.812589207683814,1,6,82,0.75,0.5725,0.5,0.1,0.15,0.15,0.1,82,434.9215635444421,156.25882148742676,10,0.6439605712890625,412.134765625,52.82953646040239,1,7,83,0.75,0.564,0.45,0.1,0.2,0.15,0.1
105,MultiAgent,0,NOOP,0.118814,0.5175,0.392201,0,82,434.9215635444421,156.25882148742676,10,0.6439605712890625,412.134765625,52.82953646040239,1,7,83,0.75,0.564,0.45,0.1,0.2,0.15,0.1,92,451.56937796803356,144.3917751312256,11,0.6009452126242898,423.0654296875,50.94341956511246,1,8,84,0.92,0.61,0.5,0.05,0.2,0.15,0.1
106,MultiAgent,0,NOOP,0.11073,0.5175,0.38296,0,92,451.56937796803356,144.3917751312256,11,0.6009452126242898,423.0654296875,50.94341956511246,1,8,84,0.92,0.61,0.5,0.05,0.2,0.15,0.1,59,318.4786163530107,203.5043239593506,12,0.5611521402994791,430.96484375,49.367331782851124,1,9,85,0.92,0.6559999999999999,0.55,0.0,0.2,0.15,0.1
107,MultiAgent,0,NOOP,0.104378,0.506,0.377788,0,59,318.4786163530107,203.5043239593506,12,0.5611521402994791,430.96484375,49.367331782851124,1,9,85,0.92,0.6559999999999999,0.55,0.0,0.2,0.15,0.1,82,421.537573798782,145.7693576812744,13,0.5300163855919471,440.9736328125,47.808571198797154,1,10,86,0.92,0.6559999999999999,0.55,0.0,0.2,0.15,0.1
108,MultiAgent,0,NOOP,0.098663,0.5175,0.371785,0,82,421.537573798782,145.7693576812744,13,0.5300163855919471,440.9736328125,47.808571198797154,1,10,86,0.92,0.6559999999999999,0.55,0.0,0.2,0.15,0.1,69,367.2542203396068,161.3636016845703,14,0.5020632062639508,449.8486328125,46.418175192856054,1,11,87,0.92,0.702,0.6,0.0,0.2,0.15,0.05
109,MultiAgent,0,NOOP,0.094199,0.421875,0.315498,0,69,367.2542203396068,161.3636016845703,14,0.5020632062639508,449.8486328125,46.418175192856054,1,11,87,0.92,0.702,0.6,0.0,0.2,0.15,0.05,98,487.88922361096274,203.83453369140625,15,0.48037109375,461.15625,45.051682381510815,1,12,88,0.75,0.7394999999999999,0.6,0.0,0.25,0.1,0.05
110,MultiAgent,0,NOOP,0.089559,0.410375,0.310462,0,98,487.88922361096274,203.83453369140625,15,0.48037109375,461.15625,45.051682381510815,1,12,88,0.75,0.7394999999999999,0.6,0.0,0.25,0.1,0.05,55,274.9140710003182,224.8208522796631,16,0.4577932357788086,468.7802734375,43.90616611382196,1,13,89,0.75,0.731,0.55,0.0,0.3,0.1,0.05
111,MultiAgent,0,NOOP,0.086054,0.508125,0.357466,0,55,274.9140710003182,224.8208522796631,16,0.4577932357788086,468.7802734375,43.90616611382196,1,13,89,0.75,0.731,0.55,0.0,0.3,0.1,0.05,91,365.5611484745685,250.68426132202148,17,0.4408964269301471,479.6953125,42.74514059570356,1,14,90,0.92,0.7394999999999999,0.6,0.0,0.25,0.1,0.05
112,MultiAgent,3,COMPACT_128KB,0.167,-0.0665,0.198289,0,91,365.5611484745685,250.68426132202148,17,0.4408964269301471,479.6953125,42.74514059570356,1,14,90,0.92,0.7394999999999999,0.6,0.0,0.25,0.1,0.05,69,351.1896669724637,65.54269790649414,4,1.7479972839355469,447.4873046875,12.42918614931505,1,0,91,0.0,0.6935,0.55,0.0,0.25,0.1,0.1
113,MultiAgent,0,NOOP,0.199375,0.0,0.197931,0,69,351.1896669724637,65.54269790649414,4,1.7479972839355469,447.4873046875,12.42918614931505,1,0,91,0.0,0.6935,0.55,0.0,0.25,0.1,0.1,58,279.76819007751226,78.46498489379883,5,1.4230865478515624,455.3876953125,47.72709275858252,1,1,92,0.0,0.6935,0.55,0.0,0.25,0.1,0.1
114,MultiAgent,0,NOOP,0.19925,0.5175,0.472943,0,58,279.76819007751226,78.46498489379883,5,1.4230865478515624,455.3876953125,47.72709275858252,1,1,92,0.0,0.6935,0.55,0.0,0.25,0.1,0.1,81,398.3689764828382,122.8628158569336,6,1.211840311686198,465.3466796875,54.02780419050201,1,2,93,0.92,0.7394999999999999,0.6,0.0,0.25,0.05,0.1
115,MultiAgent,0,NOOP,0.199125,-0.0115,0.196781,0,81,398.3689764828382,122.8628158569336,6,1.211840311686198,465.3466796875,54.02780419050201,1,2,93,0.92,0.7394999999999999,0.6,0.0,0.25,0.05,0.1,92,457.5839485823382,125.93507766723633,7,1.0626874651227678,476.083984375,55.41079969984806,1,3,94,0.0,0.6935,0.55,0.05,0.25,0.05,0.1
116,MultiAgent,0,NOOP,0.189395,0.508125,0.462879,0,92,457.5839485823382,125.93507766723633,7,1.0626874651227678,476.083984375,55.41079969984806,1,3,94,0.0,0.6935,0.55,0.05,0.25,0.05,0.1,97,504.50753386861766,135.8044147491455,8,0.9519748687744141,487.4111328125,55.076136867735485,1,4,95,0.92,0.702,0.6,0.05,0.2,0.05,0.1
117,MultiAgent,0,NOOP,0.171471,0.506,0.445048,0,97,504.50753386861766,135.8044147491455,8,0.9519748687744141,487.4111328125,55.076136867735485,1,4,95,0.92,0.702,0.6,0.05,0.2,0.05,0.1,79,404.5990287670079,132.43460655212402,9,0.8629811604817709,497.0771484375,54.2786026563288,1,5,96,0.92,0.702,0.6,0.05,0.2,0.05,0.1
118,MultiAgent,0,NOOP,0.156379,0.506,0.428627,0,79,404.5990287670079,132.43460655212402,9,0.8629811604817709,497.0771484375,54.2786026563288,1,5,96,0.92,0.702,0.6,0.05,0.2,0.05,0.1,52,284.8821867493564,200.10137557983398,10,0.7881454467773438,504.4130859375,53.36859170500292,1,6,97,0.92,0.702,0.6,0.05,0.2,0.05,0.1
119,MultiAgent,0,NOOP,0.14443,0.5175,0.417815,0,52,284.8821867493564,200.10137557983398,10,0.7881454467773438,504.4130859375,53.36859170500292,1,6,97,0.92,0.702,0.6,0.05,0.2,0.05,0.1,68,297.2154195011338,144.49095726013184,11,0.7290261008522727,513.234375,52.16187320036208,1,7,98,0.92,0.748,0.65,0.05,0.2,0.0,0.1
120,MultiAgent,0,NOOP,0.134997,0.506,0.40848,0,68,297.2154195011338,144.49095726013184,11,0.7290261008522727,513.234375,52.16187320036208,1,7,98,0.92,0.748,0.65,0.05,0.2,0.0,0.1,91,447.72725449185737,140.83003997802734,12,0.6824849446614584,524.1484375,50.7934753697524,1,8,99,0.92,0.748,0.65,0.05,0.2,0.0,0.1
121,MultiAgent,0,NOOP,0.126326,0.506,0.39949,0,91,447.72725449185737,140.83003997802734,12,0.6824849446614584,524.1484375,50.7934753697524,1,8,99,0.92,0.748,0.65,0.05,0.2,0.0,0.1,60,307.6525406634515,158.07104110717773,13,0.6397552490234375,532.2763671875,49.62056705972406,1,9,100,0.92,0.748,0.65,0.05,0.2,0.0,0.1
122,MultiAgent,0,NOOP,0.118786,-0.0115,0.116664,0,60,307.6525406634515,158.07104110717773,13,0.6397552490234375,532.2763671875,49.62056705972406,1,9,100,0.92,0.748,0.65,0.05,0.2,0.0,0.1,56,277.8571965977784,123.59404563903809,14,0.6026785714285714,540.0,48.493610656782465,1,10,101,0.0,0.702,0.6,0.1,0.2,0.0,0.1
123,MultiAgent,0,NOOP,0.112902,0.508125,0.38628,0,56,277.8571965977784,123.59404563903809,14,0.6026785714285714,540.0,48.493610656782465,1,10,101,0.0,0.702,0.6,0.1,0.2,0.0,0.1,92,461.786789370703,149.8429775238037,15,0.573883056640625,550.927734375,47.27157291031624,1,11,102,0.92,0.7104999999999999,0.65,0.1,0.15,0.0,0.1
124,MultiAgent,0,NOOP,0.107633,-0.009375,0.106136,0,92,461.786789370703,149.8429775238037,15,0.573883056640625,550.927734375,47.27157291031624,1,11,102,0.92,0.7104999999999999,0.65,0.1,0.15,0.0,0.1,87,398.0387889471135,94.84696388244629,16,0.5481662750244141,561.322265625,46.140769237960725,1,12,103,0.0,0.673,0.65,0.1,0.1,0.0,0.15
125,MultiAgent,0,NOOP,0.103061,0.506,0.376316,0,87,398.0387889471135,94.84696388244629,16,0.5481662750244141,561.322265625,46.140769237960725,1,12,103,0.0,0.673,0.65,0.1,0.1,0.0,0.15,93,443.1352784603482,158.49828720092773,17,0.5259309656479779,572.212890625,45.05925665790173,1,13,104,0.92,0.6729999999999999,0.65,0.1,0.1,0.0,0.15
126,MultiAgent,3,COMPACT_128KB,0.166875,0.451,0.470618,0,93,443.1352784603482,158.49828720092773,17,0.5259309656479779,572.212890625,45.05925665790173,1,13,104,0.92,0.6729999999999999,0.65,0.1,0.1,0.0,0.15,91,332.2712654685058,244.08459663391113,5,1.7019073486328125,544.6103515625,17.339319854473732,1,0,105,0.92,0.6729999999999999,0.65,0.1,0.1,0.0,0.15
127,MultiAgent,0,NOOP,0.19925,0.506,0.472389,0,91,332.2712654685058,244.08459663391113,5,1.7019073486328125,544.6103515625,17.339319854473732,1,0,105,0.92,0.6729999999999999,0.65,0.1,0.1,0.0,0.15,99,422.079696194091,150.56753158569336,6,1.4481150309244792,556.076171875,42.70216685863862,1,1,106,0.92,0.6729999999999999,0.65,0.1,0.1,0.0,0.15
128,MultiAgent,0,NOOP,0.199125,0.506,0.472881,0,99,422.079696194091,150.56753158569336,6,1.4481150309244792,556.076171875,42.70216685863862,1,1,106,0.92,0.6729999999999999,0.65,0.1,0.1,0.0,0.15,52,282.97019847787783,120.97430229187012,7,1.2576555524553572,563.4296875,50.59282539977163,1,2,107,0.92,0.6729999999999999,0.65,0.1,0.1,0.0,0.15
129,MultiAgent,0,NOOP,0.199,0.508125,0.472251,0,52,282.97019847787783,120.97430229187012,7,1.2576555524553572,563.4296875,50.59282539977163,1,2,107,0.92,0.6729999999999999,0.65,0.1,0.1,0.0,0.15,94,458.55862180460133,147.47309684753418,8,1.1220016479492188,574.46484375,52.88636993015921,1,3,108,0.92,0.6815,0.7,0.1,0.05,0.0,0.15
130,MultiAgent,0,NOOP,0.198875,-0.009375,0.197543,0,94,458.55862180460133,147.47309684753418,8,1.1220016479492188,574.46484375,52.88636993015921,1,3,108,0.92,0.6815,0.7,0.1,0.05,0.0,0.15,99,360.95120106676495,77.86393165588379,9,1.0171610514322917,585.884765625,53.409171806307384,1,4,109,0.0,0.644,0.7,0.1,0.0,0.0,0.2
131,MultiAgent,0,NOOP,0.185151,0.506,0.458203,0,99,360.95120106676495,77.86393165588379,9,1.0171610514322917,585.884765625,53.409171806307384,1,4,109,0.0,0.644,0.7,0.1,0.0,0.0,0.2,88,405.7929888057486,159.928560256958,10,0.9320068359375,596.484375,53.222190789010135,1,5,110,0.92,0.644,0.7,0.1,0.0,0.0,0.2
132,MultiAgent,0,NOOP,0.171097,0.0,0.169724,0,88,405.7929888057486,159.928560256958,10,0.9320068359375,596.484375,53.222190789010135,1,5,110,0.92,0.644,0.7,0.1,0.0,0.0,0.2,90,420.1189282435102,82.37361907958984,11,0.8623587868430398,607.1005859375,52.61084835093519,1,6,111,0.0,0.644,0.7,0.1,0.0,0.0,0.2
133,MultiAgent,0,NOOP,0.159534,0.5175,0.433036,0,90,420.1189282435102,82.37361907958984,11,0.8623587868430398,607.1005859375,52.61084835093519,1,6,111,0.0,0.644,0.7,0.1,0.0,0.0,0.2,95,394.7842284020339,139.89949226379395,12,0.8051681518554688,618.369140625,51.74010815692196,1,7,112,0.92,0.6900000000000001,0.75,0.1,0.0,0.0,0.15
134,MultiAgent,0,NOOP,0.149472,0.506,0.42263,0,95,394.7842284020339,139.89949226379395,12,0.8051681518554688,618.369140625,51.74010815692196,1,7,112,0.92,0.6900000000000001,0.75,0.1,0.0,0.0,0.15,86,394.2437269247668,158.33783149719238,13,0.7554826002854568,628.5615234375,50.84685945196993,1,8,113,0.92,0.6900000000000001,0.75,0.1,0.0,0.0,0.15
135,MultiAgent,0,NOOP,0.14066,0.5175,0.414002,0,86,394.2437269247668,158.33783149719238,13,0.7554826002854568,628.5615234375,50.84685945196993,1,8,113,0.92,0.6900000000000001,0.75,0.1,0.0,0.0,0.15,77,372.45295691484455,150.39396286010742,14,0.712050301688058,637.9970703125,49.9469482827657,1,9,114,0.92,0.736,0.8,0.05,0.0,0.0,0.15
136,MultiAgent,0,NOOP,0.132953,0.410375,0.35422,0,77,372.45295691484455,150.39396286010742,14,0.712050301688058,637.9970703125,49.9469482827657,1,9,114,0.92,0.736,0.8,0.05,0.0,0.0,0.15,74,359.9542789282268,205.40738105773926,15,0.6741383870442709,647.1728515625,49.03889763668936,1,10,115,0.75,0.7275,0.75,0.05,0.05,0.0,0.15
137,MultiAgent,0,NOOP,0.125848,0.410375,0.343823,0,74,359.9542789282268,205.40738105773926,15,0.6741383870442709,647.1728515625,49.03889763668936,1,10,115,0.75,0.7275,0.75,0.05,0.05,0.0,0.15,53,232.67787186384618,371.2584972381592,16,0.6392393112182617,654.5810546875,48.2111175821811,1,11,116,0.75,0.7190000000000001,0.7,0.05,0.1,0.0,0.15
138,MultiAgent,0,NOOP,0.119732,-0.0115,0.117867,0,53,232.67787186384618,371.2584972381592,16,0.6392393112182617,654.5810546875,48.2111175821811,1,11,116,0.75,0.7190000000000001,0.7,0.05,0.1,0.0,0.15,63,258.5744920076523,114.50648307800293,17,0.6092870375689339,662.904296875,47.34460823682352,1,12,117,0.0,0.673,0.65,0.05,0.1,0.0,0.2
139,MultiAgent,0,NOOP,0.114115,-0.0115,0.111832,0,63,258.5744920076523,114.50648307800293,17,0.6092870375689339,662.904296875,47.34460823682352,1,12,117,0.0,0.673,0.65,0.05,0.1,0.0,0.2,52,239.41589250293364,136.6443634033203,18,0.5818227132161459,670.259765625,46.532467309085774,1,13,118,0.0,0.627,0.6,0.1,0.1,0.0,0.2
140,MultiAgent,0,NOOP,0.109551,0.506,0.380857,0,52,239.41589250293364,136.6443634033203,18,0.5818227132161459,670.259765625,46.532467309085774,1,13,118,0.0,0.627,0.6,0.1,0.1,0.0,0.2,85,419.86557832294415,258.4218978881836,19,0.5596289383737665,680.5087890625,45.643301594000015,1,14,119,0.92,0.627,0.6,0.1,0.1,0.0,0.2
141,MultiAgent,0,NOOP,0.105374,0.506,0.373072,0,85,419.86557832294415,258.4218978881836,19,0.5596289383737665,680.5087890625,45.643301594000015,1,14,119,0.92,0.627,0.6,0.1,0.1,0.0,0.2,81,370.7051041718951,440.0656223297119,20,0.5393684387207032,690.3916015625,44.80279230610507,1,15,120,0.92,0.627,0.6,0.1,0.1,0.0,0.2
142,MultiAgent,3,COMPACT_128KB,0.16675,0.4625,0.472882,0,81,370.7051041718951,440.0656223297119,20,0.5393684387207032,690.3916015625,44.80279230610507,1,15,120,0.92,0.627,0.6,0.1,0.1,0.0,0.2,87,335.5313615474161,125.91838836669922,6,1.7105865478515625,656.865234375,11.783205617799753,1,0,121,0.92,0.6729999999999999,0.65,0.05,0.1,0.0,0.2
143,MultiAgent,0,NOOP,0.199125,-0.0115,0.196788,0,87,335.5313615474161,125.91838836669922,6,1.7105865478515625,656.865234375,11.783205617799753,1,0,121,0.92,0.6729999999999999,0.65,0.05,0.1,0.0,0.2,60,276.9861285838344,125.58865547180176,7,1.4842311314174108,664.935546875,39.809095427183834,1,1,122,0.0,0.627,0.6,0.05,0.1,0.05,0.2
144,MultiAgent,0,NOOP,0.199,0.0,0.196748,0,60,276.9861285838344,125.58865547180176,7,1.4842311314174108,664.935546875,39.809095427183834,1,1,122,0.0,0.627,0.6,0.05,0.1,0.05,0.2,72,342.8551343140227,122.61486053466797,8,1.3163089752197266,673.9501953125,47.77401361517993,1,2,123,0.0,0.627,0.6,0.05,0.1,0.1,0.15
145,MultiAgent,0,NOOP,0.198875,0.506,0.471642,0,72,342.8551343140227,122.61486053466797,8,1.3163089752197266,673.9501953125,47.77401361517993,1,2,123,0.0,0.627,0.6,0.05,0.1,0.1,0.15,99,429.95429129977384,172.8971004486084,9,1.1902431911892362,685.580078125,50.82249471514419,1,3,124,0.92,0.627,0.6,0.05,0.1,0.1,0.15
146,MultiAgent,0,NOOP,0.19875,-0.0115,0.196539,0,99,429.95429129977384,172.8971004486084,9,1.1902431911892362,685.580078125,50.82249471514419,1,3,124,0.92,0.627,0.6,0.05,0.1,0.1,0.15,75,285.37417095082446,123.06928634643555,10,1.0858352661132813,694.9345703125,52.36830875350301,1,4,125,0.0,0.581,0.55,0.1,0.1,0.1,0.15
147,MultiAgent,0,NOOP,0.198405,0.506,0.470878,0,75,285.37417095082446,123.06928634643555,10,1.0858352661132813,694.9345703125,52.36830875350301,1,4,125,0.0,0.581,0.55,0.1,0.1,0.1,0.15,62,291.10970955843254,190.08469581604004,11,0.9988999800248579,703.2255859375,52.99733481715458,1,5,126,0.92,0.5810000000000001,0.55,0.1,0.1,0.1,0.15
148,MultiAgent,0,NOOP,0.184265,0.506,0.457189,0,62,291.10970955843254,190.08469581604004,11,0.9988999800248579,703.2255859375,52.99733481715458,1,5,126,0.92,0.5810000000000001,0.55,0.1,0.1,0.1,0.15,83,411.0232414811736,168.80512237548828,12,0.928826649983724,713.3388671875,52.86519849800542,1,6,127,0.92,0.581,0.55,0.1,0.1,0.1,0.15
149,MultiAgent,0,NOOP,0.171726,0.506,0.444489,0,83,411.0232414811736,168.80512237548828,12,0.928826649983724,713.3388671875,52.86519849800542,1,6,127,0.92,0.581,0.55,0.1,0.1,0.1,0.15,57,300.60797730684794,178.08032035827637,13,0.8667543851412259,721.1396484375,52.60226086509488,1,7,128,0.92,0.581,0.55,0.1,0.1,0.1,0.15
150,MultiAgent,0,NOOP,0.161094,0.0,0.159061,0,57,300.60797730684794,178.08032035827637,13,0.8667543851412259,721.1396484375,52.60226086509488,1,7,128,0.92,0.581,0.55,0.1,0.1,0.1,0.15,64,334.53069200323023,119.14992332458496,14,0.8142177036830357,729.5390625,52.08096773699758,1,8,129,0.0,0.581,0.55,0.15,0.1,0.1,0.1
151,MultiAgent,0,NOOP,0.151628,0.506,0.42293,0,64,334.53069200323023,119.14992332458496,14,0.8142177036830357,729.5390625,52.08096773699758,1,8,129,0.0,0.581,0.55,0.15,0.1,0.1,0.1,51,218.0062779757197,253.63874435424805,15,0.7675160725911458,736.8154296875,51.504229361963766,1,9,130,0.92,0.581,0.55,0.15,0.1,0.1,0.1
152,MultiAgent,0,NOOP,0.144069,0.0,0.141547,0,51,218.0062779757197,253.63874435424805,15,0.7675160725911458,736.8154296875,51.504229361963766,1,9,130,0.92,0.581,0.55,0.15,0.1,0.1,0.1,94,440.6564459758964,146.09837532043457,16,0.7303428649902344,747.87109375,50.65965536297762,1,10,131,0.0,0.581,0.55,0.15,0.1,0.15,0.05
153,MultiAgent,0,NOOP,0.137356,0.506,0.409867,0,94,440.6564459758964,146.09837532043457,16,0.7303428649902344,747.87109375,50.65965536297762,1,10,131,0.0,0.581,0.55,0.15,0.1,0.15,0.05,91,419.4101208293225,195.68347930908203,17,0.6974029541015625,758.7744140625,49.81519834420556,1,11,132,0.92,0.5810000000000001,0.55,0.15,0.1,0.15,0.05
154,MultiAgent,0,NOOP,0.131025,0.506,0.402809,0,91,419.4101208293225,195.68347930908203,17,0.6974029541015625,758.7744140625,49.81519834420556,1,11,132,0.92,0.5810000000000001,0.55,0.15,0.1,0.15,0.05,69,339.306391914057,233.28638076782227,18,0.6663725111219618,767.6611328125,49.05682478019942,1,12,133,0.92,0.581,0.55,0.15,0.1,0.15,0.05
155,MultiAgent,0,NOOP,0.125214,0.506,0.397398,0,69,339.306391914057,233.28638076782227,18,0.6663725111219618,767.6611328125,49.05682478019942,1,12,133,0.92,0.581,0.55,0.15,0.1,0.15,0.05,60,282.5991759805865,214.5829200744629,19,0.6379466809724507,775.7431640625,48.32967584119431,1,13,134,0.92,0.581,0.55,0.15,0.1,0.15,0.05
